{"accuracy": [[0, 51.90972222222222], [10, 51.90972222222222], [20, 51.90972222222222], [30, 51.47569444444444], [40, 59.201388888888886], [50, 64.58333333333333], [60, 71.44097222222223], [70, 73.35069444444444], [80, 75.34722222222223], [90, 76.47569444444444], [100, 77.95138888888889], [110, 78.03819444444444], [120, 79.16666666666667], [130, 80.12152777777777], [140, 80.90277777777777], [150, 81.25], [160, 81.42361111111111], [170, 81.77083333333333], [180, 82.03125], [190, 82.46527777777777], [200, 83.15972222222223], [210, 82.8125], [220, 83.59375], [230, 83.33333333333333], [240, 83.68055555555556], [250, 83.59375], [260, 84.46180555555556], [270, 84.72222222222223], [280, 84.375], [290, 84.46180555555556], [300, 84.98263888888889], [310, 85.32986111111111], [320, 85.41666666666667], [330, 85.32986111111111], [340, 84.89583333333333], [350, 84.89583333333333], [360, 84.20138888888889], [370, 85.24305555555556], [380, 85.24305555555556], [390, 85.67708333333333], [400, 85.06944444444444], [410, 85.85069444444444], [420, 86.11111111111111], [430, 85.9375], [440, 86.02430555555556], [450, 86.71875], [460, 86.19791666666667], [470, 84.80902777777777], [480, 86.11111111111111], [490, 86.02430555555556]], "time": 167.32116770744324}