{"accuracy": [[0, 51.90972222222222], [10, 51.90972222222222], [20, 52.25694444444444], [30, 44.53125], [40, 53.732638888888886], [50, 63.541666666666664], [60, 69.27083333333333], [70, 72.82986111111111], [80, 75.43402777777777], [90, 77.60416666666667], [100, 78.47222222222223], [110, 79.42708333333333], [120, 79.86111111111111], [130, 80.03472222222223], [140, 80.46875], [150, 81.25], [160, 81.51041666666667], [170, 81.68402777777777], [180, 82.11805555555556], [190, 82.29166666666667], [200, 82.11805555555556], [210, 83.15972222222223], [220, 82.89930555555556], [230, 83.07291666666667], [240, 83.42013888888889], [250, 83.85416666666667], [260, 84.28819444444444], [270, 84.375], [280, 84.28819444444444], [290, 84.02777777777777], [300, 84.54861111111111], [310, 84.80902777777777], [320, 84.98263888888889], [330, 84.98263888888889], [340, 84.98263888888889], [350, 84.98263888888889], [360, 85.24305555555556], [370, 85.24305555555556], [380, 85.06944444444444], [390, 85.24305555555556], [400, 85.32986111111111], [410, 85.50347222222223], [420, 85.41666666666667], [430, 85.32986111111111], [440, 85.9375], [450, 85.76388888888889], [460, 86.19791666666667], [470, 85.9375], [480, 85.85069444444444], [490, 85.85069444444444]], "time": 289.1246910095215}