{"accuracy": [[0, 51.90972222222222], [10, 51.90972222222222], [20, 51.90972222222222], [30, 45.920138888888886], [40, 54.427083333333336], [50, 64.84375], [60, 71.26736111111111], [70, 73.95833333333333], [80, 77.34375], [90, 77.95138888888889], [100, 78.64583333333333], [110, 79.42708333333333], [120, 80.55555555555556], [130, 81.07638888888889], [140, 81.77083333333333], [150, 82.03125], [160, 82.29166666666667], [170, 82.11805555555556], [180, 83.24652777777777], [190, 83.07291666666667], [200, 83.59375], [210, 83.76736111111111], [220, 84.11458333333333], [230, 84.11458333333333], [240, 85.06944444444444], [250, 84.72222222222223], [260, 85.06944444444444], [270, 84.98263888888889], [280, 85.15625], [290, 85.41666666666667], [300, 85.67708333333333], [310, 85.59027777777777], [320, 86.11111111111111], [330, 85.85069444444444], [340, 86.37152777777777], [350, 86.28472222222223], [360, 86.28472222222223], [370, 86.19791666666667], [380, 86.54513888888889], [390, 86.54513888888889], [400, 86.63194444444444], [410, 86.89236111111111], [420, 86.80555555555556], [430, 86.71875], [440, 87.15277777777777], [450, 87.5], [460, 86.97916666666667], [470, 87.23958333333333], [480, 87.15277777777777], [490, 87.06597222222223]], "time": 447.92894434928894}