{"accuracy": [[0, 51.90972222222222], [10, 51.90972222222222], [20, 51.99652777777778], [30, 55.642361111111114], [40, 61.458333333333336], [50, 67.10069444444444], [60, 71.44097222222223], [70, 74.65277777777777], [80, 75.78125], [90, 77.60416666666667], [100, 78.55902777777777], [110, 79.34027777777777], [120, 79.94791666666667], [130, 80.72916666666667], [140, 81.07638888888889], [150, 81.51041666666667], [160, 81.85763888888889], [170, 81.68402777777777], [180, 82.03125], [190, 82.03125], [200, 82.37847222222223], [210, 82.72569444444444], [220, 82.98611111111111], [230, 83.24652777777777], [240, 83.42013888888889], [250, 83.94097222222223], [260, 84.20138888888889], [270, 84.46180555555556], [280, 84.46180555555556], [290, 84.63541666666667], [300, 84.63541666666667], [310, 84.80902777777777], [320, 84.63541666666667], [330, 84.72222222222223], [340, 84.72222222222223], [350, 84.89583333333333], [360, 84.98263888888889], [370, 85.15625], [380, 85.24305555555556], [390, 85.41666666666667], [400, 85.06944444444444], [410, 85.32986111111111], [420, 85.32986111111111], [430, 85.41666666666667], [440, 85.50347222222223], [450, 85.59027777777777], [460, 85.76388888888889], [470, 85.76388888888889], [480, 86.11111111111111], [490, 86.28472222222223]], "time": 1597.6635792255402}