{"accuracy": [[0, 51.90972222222222], [10, 51.90972222222222], [20, 48.09027777777778], [30, 50.260416666666664], [40, 58.767361111111114], [50, 67.01388888888889], [60, 71.44097222222223], [70, 73.26388888888889], [80, 75.52083333333333], [90, 77.17013888888889], [100, 78.21180555555556], [110, 79.34027777777777], [120, 80.12152777777777], [130, 80.72916666666667], [140, 80.90277777777777], [150, 81.16319444444444], [160, 81.07638888888889], [170, 81.42361111111111], [180, 81.85763888888889], [190, 82.20486111111111], [200, 82.37847222222223], [210, 82.72569444444444], [220, 83.59375], [230, 83.76736111111111], [240, 83.50694444444444], [250, 84.20138888888889], [260, 84.46180555555556], [270, 84.63541666666667], [280, 85.15625], [290, 84.80902777777777], [300, 85.24305555555556], [310, 85.59027777777777], [320, 85.9375], [330, 86.11111111111111], [340, 86.37152777777777], [350, 86.37152777777777], [360, 86.19791666666667], [370, 86.37152777777777], [380, 86.54513888888889], [390, 86.45833333333333], [400, 86.54513888888889], [410, 86.45833333333333], [420, 86.80555555555556], [430, 86.71875], [440, 86.71875], [450, 87.32638888888889], [460, 87.15277777777777], [470, 86.97916666666667], [480, 87.15277777777777], [490, 87.32638888888889]], "time": 762.8682744503021}